{
    "fixtures": [
        {
            "name": "New Fixture",
            "pageUrl": "sql.ru",
            "tests": [
                {
                    "name": "New Test",
                    "commands": [
                        {
                            "selector": {
                                "type": "js-expr",
                                "value": "Selector('#search-query')"
                            },
                            "studio": {
                                "selectors": [
                                    {
                                        "rawSelector": {
                                            "type": "js-expr",
                                            "value": "Selector('#search-query')"
                                        },
                                        "ruleType": "id"
                                    },
                                    {
                                        "rawSelector": {
                                            "type": "js-expr",
                                            "value": "Selector('#top-search').find('[name=\"s\"]')"
                                        },
                                        "ruleType": "form-input"
                                    },
                                    {
                                        "rawSelector": {
                                            "type": "js-expr",
                                            "value": "Selector('[name=\"s\"].inactive')"
                                        },
                                        "ruleType": "attr"
                                    },
                                    {
                                        "rawSelector": {
                                            "type": "js-expr",
                                            "value": "Selector('#top-search').find('[name=\"s\"].inactive')"
                                        },
                                        "ruleType": "id-attr"
                                    },
                                    {
                                        "rawSelector": {
                                            "type": "js-expr",
                                            "value": "Selector('[name=\"top-search\"]').find('[name=\"s\"].inactive')"
                                        },
                                        "ruleType": "attr-attr"
                                    },
                                    {
                                        "rawSelector": {
                                            "type": "js-expr",
                                            "value": "Selector('div').withText('SQL.ru').nth(2).find('[name=\"s\"].inactive')"
                                        },
                                        "ruleType": "text-attr"
                                    },
                                    {
                                        "rawSelector": {
                                            "type": "js-expr",
                                            "value": "Selector('#top-search').find('div').find('input')"
                                        },
                                        "ruleType": "id-dom"
                                    },
                                    {
                                        "rawSelector": {
                                            "type": "js-expr",
                                            "value": "Selector('div').withText('SQL.ru').nth(2).nth(2).find('form').nth(1).find('div').find('input')"
                                        },
                                        "ruleType": "text-dom"
                                    },
                                    {
                                        "rawSelector": {
                                            "type": "js-expr",
                                            "value": "Selector('body').find('div').find('div').find('div').find('form').nth(1).find('div').find('input')"
                                        },
                                        "ruleType": "dom"
                                    }
                                ],
                                "useOffsets": false,
                                "offsetX": 27,
                                "offsetY": null
                            },
                            "text": "testCafe",
                            "options": {},
                            "type": "type-text",
                            "callsite": "0"
                        },
                        {
                            "selector": {
                                "type": "js-expr",
                                "value": "Selector('#top-search').find('div').find('input').nth(1)"
                            },
                            "studio": {
                                "selectors": [
                                    {
                                        "rawSelector": {
                                            "type": "js-expr",
                                            "value": "Selector('#top-search').find('div').find('input').nth(1)"
                                        },
                                        "ruleType": "id-dom"
                                    },
                                    {
                                        "rawSelector": {
                                            "type": "js-expr",
                                            "value": "Selector('[name=\"top-search\"]').find('div').find('input').nth(1)"
                                        },
                                        "ruleType": "attr-dom"
                                    },
                                    {
                                        "rawSelector": {
                                            "type": "js-expr",
                                            "value": "Selector('div').withText('SQL.ru').nth(2).find('form').nth(1).find('div').find('input').nth(1)"
                                        },
                                        "ruleType": "text-dom"
                                    },
                                    {
                                        "rawSelector": {
                                            "type": "js-expr",
                                            "value": "Selector('body').find('div').find('div').find('div').find('form').nth(1).find('div').find('input').nth(1)"
                                        },
                                        "ruleType": "dom"
                                    }
                                ],
                                "useOffsets": false,
                                "offsetX": 24,
                                "offsetY": 15
                            },
                            "options": {},
                            "type": "click",
                            "callsite": "1"
                        }
                    ]
                }
            ]
        }
    ]
}